title,handle,status,url
"Afskærmningsbånd",afskaermningsband,ACTIVE,https://den-lille-malerfabrik.myshopify.com/products/afskaermningsband
"Akryl emalie Glans 40",akryl-emalie-glans-40,ACTIVE,https://den-lille-malerfabrik.myshopify.com/products/akryl-emalie-glans-40
"Alkyd træ grundingsolie",alkyd-trae-grundingsolie,ACTIVE,https://den-lille-malerfabrik.myshopify.com/products/alkyd-trae-grundingsolie
"Anstryger | Natur",anstryger-natur,ACTIVE,https://den-lille-malerfabrik.myshopify.com/products/anstryger-natur
"Anstryger | Syntetisk",anstryger-syntetisk,ACTIVE,https://den-lille-malerfabrik.myshopify.com/products/anstryger-syntetisk
"Beton tape | Tape",beton-tape-tape,ACTIVE,https://den-lille-malerfabrik.myshopify.com/products/beton-tape-tape
"Blue Tex | Ruller",blue-tex-ruller,ACTIVE,https://den-lille-malerfabrik.myshopify.com/products/blue-tex-ruller
"Cykellakpensel",cykellakpensel,ACTIVE,https://den-lille-malerfabrik.myshopify.com/products/cykellakpensel
"Duoband WUG | Tape",duoband-wug-tape,ACTIVE,https://den-lille-malerfabrik.myshopify.com/products/duoband-wug-tape
"Facadepensel | Gemini",facadepensel-gemini,ACTIVE,https://den-lille-malerfabrik.myshopify.com/products/facadepensel-gemini
"Facadepensel | Mix",facadepensel-mix,ACTIVE,https://den-lille-malerfabrik.myshopify.com/products/facadepensel-mix
"Fladpensel",fladpensel,ACTIVE,https://den-lille-malerfabrik.myshopify.com/products/fladpensel
"Fladpensel | Gemini",fladpensel-gemini,ACTIVE,https://den-lille-malerfabrik.myshopify.com/products/fladpensel-gemini
"Fladpensel | Mix",fladpensel-mix,ACTIVE,https://den-lille-malerfabrik.myshopify.com/products/fladpensel-mix
"Folie-Mask | Afdækning",folie-mask-afdaekning,ACTIVE,https://den-lille-malerfabrik.myshopify.com/products/folie-mask-afdaekning
"Forlængerskaft",forlaengerskaft,ACTIVE,https://den-lille-malerfabrik.myshopify.com/products/forlaengerskaft
"Gaffatape 524 | Tape",gaffatape-524-tape,ACTIVE,https://den-lille-malerfabrik.myshopify.com/products/gaffatape-524-tape
"Gaffatape Premium | Tape",gaffatape-premium-tape,ACTIVE,https://den-lille-malerfabrik.myshopify.com/products/gaffatape-premium-tape
"Gaffatape | Tape",gaffatape-tape,ACTIVE,https://den-lille-malerfabrik.myshopify.com/products/gaffatape-tape
"Gaffatape, sort | Tape",gaffatape-sort-tape,ACTIVE,https://den-lille-malerfabrik.myshopify.com/products/gaffatape-sort-tape
"Gamma Twist | Ruller",gamma-twist-ruller,ACTIVE,https://den-lille-malerfabrik.myshopify.com/products/gamma-twist-ruller
"Gipskop",gipskop,ACTIVE,https://den-lille-malerfabrik.myshopify.com/products/gipskop
"Glasfilt",glasfilt,ACTIVE,https://den-lille-malerfabrik.myshopify.com/products/glasfilt
"Glasvæv",glasvaev,ACTIVE,https://den-lille-malerfabrik.myshopify.com/products/glasvaev
"Glatlak rulle 18-25 cm | Ruller",glatlak-rulle-18-25-cm-ruller,ACTIVE,https://den-lille-malerfabrik.myshopify.com/products/glatlak-rulle-18-25-cm-ruller
"Glatlak rulle 5-15 cm | Ruller",glatlak-rulle-5-15-cm-ruller,ACTIVE,https://den-lille-malerfabrik.myshopify.com/products/glatlak-rulle-5-15-cm-ruller
"Green Star | Ruller",green-star-ruller,ACTIVE,https://den-lille-malerfabrik.myshopify.com/products/green-star-ruller
"Grey Star | Ruller",grey-star-ruller,ACTIVE,https://den-lille-malerfabrik.myshopify.com/products/grey-star-ruller
"Grundingsolie vandig",grundingsolie-vandig,ACTIVE,https://den-lille-malerfabrik.myshopify.com/products/grundingsolie-vandig
"Grundingsolie vandig (industri)",grundingsolie-vandig-industri,ACTIVE,https://den-lille-malerfabrik.myshopify.com/products/grundingsolie-vandig-industri
"Gulvmaling — Snehvid",gulvmaling-snehvid,ACTIVE,https://den-lille-malerfabrik.myshopify.com/products/gulvmaling-snehvid
"Håndtag 10 cm | Håndtag",handtag-10-cm-handtag,ACTIVE,https://den-lille-malerfabrik.myshopify.com/products/handtag-10-cm-handtag
"Håndtag 10 cm | Håndtag",handtag-10-cm-handtag-1,ACTIVE,https://den-lille-malerfabrik.myshopify.com/products/handtag-10-cm-handtag-1
"Håndtag 15-25 cm | Håndtag",handtag-15-25-cm-handtag,ACTIVE,https://den-lille-malerfabrik.myshopify.com/products/handtag-15-25-cm-handtag
"Håndtag blå",handtag-bla,ACTIVE,https://den-lille-malerfabrik.myshopify.com/products/handtag-bla
"Hjørnerulle komplet | Ruller & Håndtag",hjornerulle-komplet-ruller-handtag,ACTIVE,https://den-lille-malerfabrik.myshopify.com/products/hjornerulle-komplet-ruller-handtag
"Hobbykniv",hobbykniv,ACTIVE,https://den-lille-malerfabrik.myshopify.com/products/hobbykniv
"Husrens Plus 9,9%",husrens-plus-9-9,ACTIVE,https://den-lille-malerfabrik.myshopify.com/products/husrens-plus-9-9
"Interiør glans 10 blå",interior-glans-10-bla,ACTIVE,https://den-lille-malerfabrik.myshopify.com/products/interior-glans-10-bla
"Interiør Glans 5",interior-glans-5,ACTIVE,https://den-lille-malerfabrik.myshopify.com/products/interior-glans-5
"Japan spartelsæt",japan-spartelsaet,ACTIVE,https://den-lille-malerfabrik.myshopify.com/products/japan-spartelsaet
"Jumbopensel ECO",jumbopensel-eco,ACTIVE,https://den-lille-malerfabrik.myshopify.com/products/jumbopensel-eco
"Jumbopensel | Mix",jumbopensel-mix,ACTIVE,https://den-lille-malerfabrik.myshopify.com/products/jumbopensel-mix
"Jumbopensel | Soft",jumbopensel-soft,ACTIVE,https://den-lille-malerfabrik.myshopify.com/products/jumbopensel-soft
"Jumbopensel, kort skaft | Mix",jumbopensel-kort-skaft-mix,ACTIVE,https://den-lille-malerfabrik.myshopify.com/products/jumbopensel-kort-skaft-mix
"Jumbopensel, kort | Gemini",jumbopensel-kort-gemini,ACTIVE,https://den-lille-malerfabrik.myshopify.com/products/jumbopensel-kort-gemini
"Jumbopensel, kort | Soft",jumbopensel-kort-soft,ACTIVE,https://den-lille-malerfabrik.myshopify.com/products/jumbopensel-kort-soft
"Kantrulle",kantrulle,ACTIVE,https://den-lille-malerfabrik.myshopify.com/products/kantrulle
"Knivblade",knivblade,ACTIVE,https://den-lille-malerfabrik.myshopify.com/products/knivblade
"Lammerulle | Ruller",lammerulle-ruller,ACTIVE,https://den-lille-malerfabrik.myshopify.com/products/lammerulle-ruller
"Letspartel (Finish)",letspartel-finish,ACTIVE,https://den-lille-malerfabrik.myshopify.com/products/letspartel-finish
"LF-Epoxy Klar",lf-epoxy-klar,ACTIVE,https://den-lille-malerfabrik.myshopify.com/products/lf-epoxy-klar
"LF-Epoxy Primer upigmenteret",lf-epoxy-primer-upigmenteret,ACTIVE,https://den-lille-malerfabrik.myshopify.com/products/lf-epoxy-primer-upigmenteret
"Loft glans 25",loft-glans-25,ACTIVE,https://den-lille-malerfabrik.myshopify.com/products/loft-glans-25
"Loft- & vægmaling Glans 5",loft-vaegmaling-glans-5,ACTIVE,https://den-lille-malerfabrik.myshopify.com/products/loft-vaegmaling-glans-5
"Loftmaling — Snehvid",loftmaling-snehvid,ACTIVE,https://den-lille-malerfabrik.myshopify.com/products/loftmaling-snehvid
"Magnetisk filt Mag+",magnetisk-filt-mag,ACTIVE,https://den-lille-malerfabrik.myshopify.com/products/magnetisk-filt-mag
"Makonylrulle | Ruller",makonylrulle-ruller,ACTIVE,https://den-lille-malerfabrik.myshopify.com/products/makonylrulle-ruller
"Malebakke | Bakker",malebakke-bakker,ACTIVE,https://den-lille-malerfabrik.myshopify.com/products/malebakke-bakker
"Masking tape standard | Tape",masking-tape-standard-tape,ACTIVE,https://den-lille-malerfabrik.myshopify.com/products/masking-tape-standard-tape
"Microdispers (blåtonet, inde/ude)",microdispers-blatonet-inde-ude,ACTIVE,https://den-lille-malerfabrik.myshopify.com/products/microdispers-blatonet-inde-ude
"Microdispers Microgrunder (hvidpigmenteret)",microdispers-microgrunder-hvidpigmenteret,ACTIVE,https://den-lille-malerfabrik.myshopify.com/products/microdispers-microgrunder-hvidpigmenteret
"Microdispersgrunder (tixotropisk)",microdispersgrunder-tixotropisk,ACTIVE,https://den-lille-malerfabrik.myshopify.com/products/microdispersgrunder-tixotropisk
"Microfiber gulvrulle",microfiber-gulvrulle,ACTIVE,https://den-lille-malerfabrik.myshopify.com/products/microfiber-gulvrulle
"Multi-Tape | Tape",multi-tape-tape,ACTIVE,https://den-lille-malerfabrik.myshopify.com/products/multi-tape-tape
"Mur & facademaling (akryl/olie)",mur-facademaling-akryl-olie,ACTIVE,https://den-lille-malerfabrik.myshopify.com/products/mur-facademaling-akryl-olie
"Nylon gulvrulle",nylon-gulvrulle,ACTIVE,https://den-lille-malerfabrik.myshopify.com/products/nylon-gulvrulle
"Nylonrulle | Ruller",nylonrulle-ruller,ACTIVE,https://den-lille-malerfabrik.myshopify.com/products/nylonrulle-ruller
"Omrører",omrorer,ACTIVE,https://den-lille-malerfabrik.myshopify.com/products/omrorer
"Ovalpensel | Gemini",ovalpensel-gemini,ACTIVE,https://den-lille-malerfabrik.myshopify.com/products/ovalpensel-gemini
"Ovalpensel | Soft",ovalpensel-soft,ACTIVE,https://den-lille-malerfabrik.myshopify.com/products/ovalpensel-soft
"Papir-Mask | Afdækning",papir-mask-afdaekning,ACTIVE,https://den-lille-malerfabrik.myshopify.com/products/papir-mask-afdaekning
"Penselsæt",penselsaet,ACTIVE,https://den-lille-malerfabrik.myshopify.com/products/penselsaet
"Penselsæt",penselsaet-1,ACTIVE,https://den-lille-malerfabrik.myshopify.com/products/penselsaet-1
"Penselsæt",penselsaet-2,ACTIVE,https://den-lille-malerfabrik.myshopify.com/products/penselsaet-2
"Penselsæt",penselsaet-3,ACTIVE,https://den-lille-malerfabrik.myshopify.com/products/penselsaet-3
"Penselsæt",penselsaet-4,ACTIVE,https://den-lille-malerfabrik.myshopify.com/products/penselsaet-4
"Penselsæt",penselsaet-5,ACTIVE,https://den-lille-malerfabrik.myshopify.com/products/penselsaet-5
"Plast skraber glasvæv",plast-skraber-glasvaev,ACTIVE,https://den-lille-malerfabrik.myshopify.com/products/plast-skraber-glasvaev
"Plastlåg",plastlag,ACTIVE,https://den-lille-malerfabrik.myshopify.com/products/plastlag
"Plastspand",plastspand,ACTIVE,https://den-lille-malerfabrik.myshopify.com/products/plastspand
"Projekt Washi UV tape | Tape",projekt-washi-uv-tape-tape,ACTIVE,https://den-lille-malerfabrik.myshopify.com/products/projekt-washi-uv-tape-tape
"PU gulvlak",pu-gulvlak,ACTIVE,https://den-lille-malerfabrik.myshopify.com/products/pu-gulvlak
"Radiatorpensel | Natur",radiatorpensel-natur,ACTIVE,https://den-lille-malerfabrik.myshopify.com/products/radiatorpensel-natur
"Radiatorpensel | Syntetisk",radiatorpensel-syntetisk,ACTIVE,https://den-lille-malerfabrik.myshopify.com/products/radiatorpensel-syntetisk
"Rondel D126 til girafsliber",rondel-d126-til-girafsliber,ACTIVE,https://den-lille-malerfabrik.myshopify.com/products/rondel-d126-til-girafsliber
"Rondel D323 til gulvsliber",rondel-d323-til-gulvsliber,ACTIVE,https://den-lille-malerfabrik.myshopify.com/products/rondel-d323-til-gulvsliber
"Rondel D414 til girafsliber",rondel-d414-til-girafsliber,ACTIVE,https://den-lille-malerfabrik.myshopify.com/products/rondel-d414-til-girafsliber
"Rondel D421 til excentersliber | Rondeller",rondel-d421-til-excentersliber-rondeller,ACTIVE,https://den-lille-malerfabrik.myshopify.com/products/rondel-d421-til-excentersliber-rondeller
"Rondel D421 til girafsliber",rondel-d421-til-girafsliber,ACTIVE,https://den-lille-malerfabrik.myshopify.com/products/rondel-d421-til-girafsliber
"Rondel D421 til girafsliber",rondel-d421-til-girafsliber-1,ACTIVE,https://den-lille-malerfabrik.myshopify.com/products/rondel-d421-til-girafsliber-1
"Rondel til D126 girafsliber",rondel-til-d126-girafsliber,ACTIVE,https://den-lille-malerfabrik.myshopify.com/products/rondel-til-d126-girafsliber
"Rosa Vestan | Ruller",rosa-vestan-ruller,ACTIVE,https://den-lille-malerfabrik.myshopify.com/products/rosa-vestan-ruller
"Rullebakkesæt inkl. pensel",rullebakkesaet-inkl-pensel,ACTIVE,https://den-lille-malerfabrik.myshopify.com/products/rullebakkesaet-inkl-pensel
"Rullespand | Bakker",rullespand-bakker,ACTIVE,https://den-lille-malerfabrik.myshopify.com/products/rullespand-bakker
"Rullespandposer",rullespandposer,ACTIVE,https://den-lille-malerfabrik.myshopify.com/products/rullespandposer
"Rutex savsmuldstapet",rutex-savsmuldstapet,ACTIVE,https://den-lille-malerfabrik.myshopify.com/products/rutex-savsmuldstapet
"Sandpapir D122, 50 m | Slibepapir",sandpapir-d122-50-m-slibepapir,ACTIVE,https://den-lille-malerfabrik.myshopify.com/products/sandpapir-d122-50-m-slibepapir
"Sandpapir D125, 5 m | Slibepapir",sandpapir-d125-5-m-slibepapir,ACTIVE,https://den-lille-malerfabrik.myshopify.com/products/sandpapir-d125-5-m-slibepapir
"Sandpapir D126, 2 m | Slibepapir",sandpapir-d126-2-m-slibepapir,ACTIVE,https://den-lille-malerfabrik.myshopify.com/products/sandpapir-d126-2-m-slibepapir
"Sandpapir D126, 25/50 m | Slibepapir",sandpapir-d126-25-50-m-slibepapir,ACTIVE,https://den-lille-malerfabrik.myshopify.com/products/sandpapir-d126-25-50-m-slibepapir
"Sandpapir D421, 5 m | Slibepapir",sandpapir-d421-5-m-slibepapir,ACTIVE,https://den-lille-malerfabrik.myshopify.com/products/sandpapir-d421-5-m-slibepapir
"Sandpapir D421, 50 m | Slibepapir",sandpapir-d421-50-m-slibepapir,ACTIVE,https://den-lille-malerfabrik.myshopify.com/products/sandpapir-d421-50-m-slibepapir
"Sandspartel Fin",sandspartel-fin,ACTIVE,https://den-lille-malerfabrik.myshopify.com/products/sandspartel-fin
"Sandspartel Medium",sandspartel-medium,ACTIVE,https://den-lille-malerfabrik.myshopify.com/products/sandspartel-medium
"Selvklæbende 37 my plastikfolie | Afdækning",selvklaebende-37-my-plastikfolie-afdaekning,ACTIVE,https://den-lille-malerfabrik.myshopify.com/products/selvklaebende-37-my-plastikfolie-afdaekning
"Selvklæbende 50 my plastikfolie | Afdækning",selvklaebende-50-my-plastikfolie-afdaekning,ACTIVE,https://den-lille-malerfabrik.myshopify.com/products/selvklaebende-50-my-plastikfolie-afdaekning
"Skridsikkert afdækning | Afdækning",skridsikkert-afdaekning-afdaekning,ACTIVE,https://den-lille-malerfabrik.myshopify.com/products/skridsikkert-afdaekning-afdaekning
"Skumvalse | Ruller",skumvalse-ruller,ACTIVE,https://den-lille-malerfabrik.myshopify.com/products/skumvalse-ruller
"Slibeklods, kork | Slibepapir",slibeklods-kork-slibepapir,ACTIVE,https://den-lille-malerfabrik.myshopify.com/products/slibeklods-kork-slibepapir
"Smooth-Tec | Tape",smooth-tec-tape,ACTIVE,https://den-lille-malerfabrik.myshopify.com/products/smooth-tec-tape
"Sorte knivblade",sorte-knivblade,ACTIVE,https://den-lille-malerfabrik.myshopify.com/products/sorte-knivblade
"Spartel",spartel,ACTIVE,https://den-lille-malerfabrik.myshopify.com/products/spartel
"Specialblanding — Gulvmaling",specialblanding-gulvmaling,ACTIVE,https://den-lille-malerfabrik.myshopify.com/products/specialblanding-gulvmaling
"Specialblanding — Loftmaling",specialblanding-loftmaling,ACTIVE,https://den-lille-malerfabrik.myshopify.com/products/specialblanding-loftmaling
"Specialblanding — Strukturmaling",specialblanding-strukturmaling,ACTIVE,https://den-lille-malerfabrik.myshopify.com/products/specialblanding-strukturmaling
"Specialblanding — Træ & Metal",specialblanding-trae-metal,ACTIVE,https://den-lille-malerfabrik.myshopify.com/products/specialblanding-trae-metal
"Specialblanding — Træbeskyttelse",specialblanding-traebeskyttelse,ACTIVE,https://den-lille-malerfabrik.myshopify.com/products/specialblanding-traebeskyttelse
"Specialblanding — Vægmaling",specialblanding-vaegmaling,ACTIVE,https://den-lille-malerfabrik.myshopify.com/products/specialblanding-vaegmaling
"Sprøjtedragt Classic",sprojtedragt-classic,ACTIVE,https://den-lille-malerfabrik.myshopify.com/products/sprojtedragt-classic
"Stålbørste 3 rk.",stalborste-3-rk,ACTIVE,https://den-lille-malerfabrik.myshopify.com/products/stalborste-3-rk
"Stickpensel",stickpensel,ACTIVE,https://den-lille-malerfabrik.myshopify.com/products/stickpensel
"Stickpensel | Gemini",stickpensel-gemini,ACTIVE,https://den-lille-malerfabrik.myshopify.com/products/stickpensel-gemini
"Stickpensel | Soft",stickpensel-soft,ACTIVE,https://den-lille-malerfabrik.myshopify.com/products/stickpensel-soft
"Stickpensel | Syntetisk",stickpensel-syntetisk,ACTIVE,https://den-lille-malerfabrik.myshopify.com/products/stickpensel-syntetisk
"Strukturmaling",strukturmaling,ACTIVE,https://den-lille-malerfabrik.myshopify.com/products/strukturmaling
"Strukturmaling — Snehvid",strukturmaling-snehvid,ACTIVE,https://den-lille-malerfabrik.myshopify.com/products/strukturmaling-snehvid
"Strukturrulle | Ruller",strukturrulle-ruller,ACTIVE,https://den-lille-malerfabrik.myshopify.com/products/strukturrulle-ruller
"Støvkost | Natur",stovkost-natur,ACTIVE,https://den-lille-malerfabrik.myshopify.com/products/stovkost-natur
"Støvkost | Natur",stovkost-natur-1,ACTIVE,https://den-lille-malerfabrik.myshopify.com/products/stovkost-natur-1
"Tag & facademaling",tag-facademaling,ACTIVE,https://den-lille-malerfabrik.myshopify.com/products/tag-facademaling
"Tag & facademaling Glans 20",tag-facademaling-glans-20,ACTIVE,https://den-lille-malerfabrik.myshopify.com/products/tag-facademaling-glans-20
"Tag & sokkelmaling",tag-sokkelmaling,ACTIVE,https://den-lille-malerfabrik.myshopify.com/products/tag-sokkelmaling
"Tagflex (gummimaling)",tagflex-gummimaling,ACTIVE,https://den-lille-malerfabrik.myshopify.com/products/tagflex-gummimaling
"Tagmaling aluminium Glans 60",tagmaling-aluminium-glans-60,ACTIVE,https://den-lille-malerfabrik.myshopify.com/products/tagmaling-aluminium-glans-60
"Tagmaling Glans 10",tagmaling-glans-10,ACTIVE,https://den-lille-malerfabrik.myshopify.com/products/tagmaling-glans-10
"Tagmaling Glans 20 (sort glans 60)",tagmaling-glans-20-sort-glans-60,ACTIVE,https://den-lille-malerfabrik.myshopify.com/products/tagmaling-glans-20-sort-glans-60
"Tapetbørste kunstbørste",tapetborste-kunstborste,ACTIVE,https://den-lille-malerfabrik.myshopify.com/products/tapetborste-kunstborste
"Tapetbørste naturhår",tapetborste-naturhar,ACTIVE,https://den-lille-malerfabrik.myshopify.com/products/tapetborste-naturhar
"Tapetsaks soft-grib",tapetsaks-soft-grib,ACTIVE,https://den-lille-malerfabrik.myshopify.com/products/tapetsaks-soft-grib
"Transparent træbeskyttelse",transparent-traebeskyttelse,ACTIVE,https://den-lille-malerfabrik.myshopify.com/products/transparent-traebeskyttelse
"Transparent træbeskyttelse (tixotropisk)",transparent-traebeskyttelse-tixotropisk,ACTIVE,https://den-lille-malerfabrik.myshopify.com/products/transparent-traebeskyttelse-tixotropisk
"Træ & Metal — Snehvid",trae-metal-snehvid,ACTIVE,https://den-lille-malerfabrik.myshopify.com/products/trae-metal-snehvid
"Træ Glans 40",trae-glans-40,ACTIVE,https://den-lille-malerfabrik.myshopify.com/products/trae-glans-40
"Træbeskyttelse heldækkende (alkyd/olie)",traebeskyttelse-heldaekkende-alkyd-olie,ACTIVE,https://den-lille-malerfabrik.myshopify.com/products/traebeskyttelse-heldaekkende-alkyd-olie
"Træbeskyttelse heldækkende (vandig)",traebeskyttelse-heldaekkende-vandig,ACTIVE,https://den-lille-malerfabrik.myshopify.com/products/traebeskyttelse-heldaekkende-vandig
"Træbeskyttelse — Snehvid",traebeskyttelse-snehvid,ACTIVE,https://den-lille-malerfabrik.myshopify.com/products/traebeskyttelse-snehvid
"Træolie 40 (olie-baseret)",traeolie-40-olie-baseret,ACTIVE,https://den-lille-malerfabrik.myshopify.com/products/traeolie-40-olie-baseret
"Træterrasseolie (olie-baseret)",traeterrasseolie-olie-baseret,ACTIVE,https://den-lille-malerfabrik.myshopify.com/products/traeterrasseolie-olie-baseret
"Ultra Sharp Red | Tape",ultra-sharp-red-tape,ACTIVE,https://den-lille-malerfabrik.myshopify.com/products/ultra-sharp-red-tape
"Universal heldækkende (olie-baseret) til træ/sten/eternit",universal-heldaekkende-olie-baseret-til-trae-sten-eternit,ACTIVE,https://den-lille-malerfabrik.myshopify.com/products/universal-heldaekkende-olie-baseret-til-trae-sten-eternit
"Universalrens koncentrat 50%",universalrens-koncentrat-50,ACTIVE,https://den-lille-malerfabrik.myshopify.com/products/universalrens-koncentrat-50
"Vådrumsspartel",vadrumsspartel,ACTIVE,https://den-lille-malerfabrik.myshopify.com/products/vadrumsspartel
"Vandskuringsmaling",vandskuringsmaling,ACTIVE,https://den-lille-malerfabrik.myshopify.com/products/vandskuringsmaling
"VEGA arbejdshandsker hvid",vega-arbejdshandsker-hvid,ACTIVE,https://den-lille-malerfabrik.myshopify.com/products/vega-arbejdshandsker-hvid
"Vestan hvid | Ruller",vestan-hvid-ruller,ACTIVE,https://den-lille-malerfabrik.myshopify.com/products/vestan-hvid-ruller
"Vægmaling Glans 10",vaegmaling-glans-10,ACTIVE,https://den-lille-malerfabrik.myshopify.com/products/vaegmaling-glans-10
"Vægmaling Køkken & Bad Glans 25",vaegmaling-kokken-bad-glans-25,ACTIVE,https://den-lille-malerfabrik.myshopify.com/products/vaegmaling-kokken-bad-glans-25
"Vægmaling — Cremehvid",vaegmaling-cremehvid,ACTIVE,https://den-lille-malerfabrik.myshopify.com/products/vaegmaling-cremehvid
"Vægmaling — Drivsten",vaegmaling-drivsten,ACTIVE,https://den-lille-malerfabrik.myshopify.com/products/vaegmaling-drivsten
"Vægmaling — Dybhav",vaegmaling-dybhav,ACTIVE,https://den-lille-malerfabrik.myshopify.com/products/vaegmaling-dybhav
"Vægmaling — Elfenben",vaegmaling-elfenben,ACTIVE,https://den-lille-malerfabrik.myshopify.com/products/vaegmaling-elfenben
"Vægmaling — Granitgrå",vaegmaling-granitgra,ACTIVE,https://den-lille-malerfabrik.myshopify.com/products/vaegmaling-granitgra
"Vægmaling — Havbrise",vaegmaling-havbrise,ACTIVE,https://den-lille-malerfabrik.myshopify.com/products/vaegmaling-havbrise
"Vægmaling — Havremel",vaegmaling-havremel,ACTIVE,https://den-lille-malerfabrik.myshopify.com/products/vaegmaling-havremel
"Vægmaling — Himmellys",vaegmaling-himmellys,ACTIVE,https://den-lille-malerfabrik.myshopify.com/products/vaegmaling-himmellys
"Vægmaling — Isklar",vaegmaling-isklar,ACTIVE,https://den-lille-malerfabrik.myshopify.com/products/vaegmaling-isklar
"Vægmaling — Kalkhvid",vaegmaling-kalkhvid,ACTIVE,https://den-lille-malerfabrik.myshopify.com/products/vaegmaling-kalkhvid
"Vægmaling — Karamel",vaegmaling-karamel,ACTIVE,https://den-lille-malerfabrik.myshopify.com/products/vaegmaling-karamel
"Vægmaling — Kastanje",vaegmaling-kastanje,ACTIVE,https://den-lille-malerfabrik.myshopify.com/products/vaegmaling-kastanje
"Vægmaling — Klitsand",vaegmaling-klitsand,ACTIVE,https://den-lille-malerfabrik.myshopify.com/products/vaegmaling-klitsand
"Vægmaling — Kobber",vaegmaling-kobber,ACTIVE,https://den-lille-malerfabrik.myshopify.com/products/vaegmaling-kobber
"Vægmaling — Morgendug",vaegmaling-morgendug,ACTIVE,https://den-lille-malerfabrik.myshopify.com/products/vaegmaling-morgendug
"Vægmaling — Murstensrød",vaegmaling-murstensrod,ACTIVE,https://den-lille-malerfabrik.myshopify.com/products/vaegmaling-murstensrod
"Vægmaling — Mynte",vaegmaling-mynte,ACTIVE,https://den-lille-malerfabrik.myshopify.com/products/vaegmaling-mynte
"Vægmaling — Mørk Jord",vaegmaling-mork-jord,ACTIVE,https://den-lille-malerfabrik.myshopify.com/products/vaegmaling-mork-jord
"Vægmaling — Nougat",vaegmaling-nougat,ACTIVE,https://den-lille-malerfabrik.myshopify.com/products/vaegmaling-nougat
"Vægmaling — Porcelæn",vaegmaling-porcelaen,ACTIVE,https://den-lille-malerfabrik.myshopify.com/products/vaegmaling-porcelaen
"Vægmaling — Ravgul",vaegmaling-ravgul,ACTIVE,https://den-lille-malerfabrik.myshopify.com/products/vaegmaling-ravgul
"Vægmaling — Rosendug",vaegmaling-rosendug,ACTIVE,https://den-lille-malerfabrik.myshopify.com/products/vaegmaling-rosendug
"Vægmaling — Rødler",vaegmaling-rodler,ACTIVE,https://den-lille-malerfabrik.myshopify.com/products/vaegmaling-rodler
"Vægmaling — Salvie",vaegmaling-salvie,ACTIVE,https://den-lille-malerfabrik.myshopify.com/products/vaegmaling-salvie
"Vægmaling — Skifergrå",vaegmaling-skifergra,ACTIVE,https://den-lille-malerfabrik.myshopify.com/products/vaegmaling-skifergra
"Vægmaling — Skovdybde",vaegmaling-skovdybde,ACTIVE,https://den-lille-malerfabrik.myshopify.com/products/vaegmaling-skovdybde
"Vægmaling — Snehvid",vaegmaling-snehvid,ACTIVE,https://den-lille-malerfabrik.myshopify.com/products/vaegmaling-snehvid
"Vægmaling — Solnedgang",vaegmaling-solnedgang,ACTIVE,https://den-lille-malerfabrik.myshopify.com/products/vaegmaling-solnedgang
"Vægmaling — Strandlys",vaegmaling-strandlys,ACTIVE,https://den-lille-malerfabrik.myshopify.com/products/vaegmaling-strandlys
"Vægmaling — Sølvtåge",vaegmaling-solvtage,ACTIVE,https://den-lille-malerfabrik.myshopify.com/products/vaegmaling-solvtage
"Vægmaling — Terracotta",vaegmaling-terracotta,ACTIVE,https://den-lille-malerfabrik.myshopify.com/products/vaegmaling-terracotta
"Vægmaling — Valnød",vaegmaling-valnod,ACTIVE,https://den-lille-malerfabrik.myshopify.com/products/vaegmaling-valnod
"Vævlim",vaevlim,ACTIVE,https://den-lille-malerfabrik.myshopify.com/products/vaevlim
"Washi Folie-Mask | Afdækning",washi-folie-mask-afdaekning,ACTIVE,https://den-lille-malerfabrik.myshopify.com/products/washi-folie-mask-afdaekning
"Washi Tape Premium | Tape",washi-tape-premium-tape,ACTIVE,https://den-lille-malerfabrik.myshopify.com/products/washi-tape-premium-tape
"Washi Ultra Premium Tape | Tape",washi-ultra-premium-tape-tape,ACTIVE,https://den-lille-malerfabrik.myshopify.com/products/washi-ultra-premium-tape-tape
"Washi-Tec Ekstra | Tape",washi-tec-ekstra-tape,ACTIVE,https://den-lille-malerfabrik.myshopify.com/products/washi-tec-ekstra-tape
"Washi-Tec Sensitive | Tape",washi-tec-sensitive-tape,ACTIVE,https://den-lille-malerfabrik.myshopify.com/products/washi-tec-sensitive-tape
"Ædeltræsolie (gylden)",aedeltraesolie-gylden,ACTIVE,https://den-lille-malerfabrik.myshopify.com/products/aedeltraesolie-gylden
